name,email,phone,website,city
"PK Plumbing: Plumber Newcastle","info@pkeeling.co.uk","0191 622 2039","pkeeling.co.uk","Newcastle"
"Jonathan Scott Heating & Plumbing","","","jsheatingandplumbing.co.uk","Newcastle"
"Swift Plumbing: Plumbers in the North East","","0191 622 0042","swift-plumbing.co.uk","Newcastle"
"Find Plumbers in Newcastle upon Tyne","","","myjobquote.co.uk","Newcastle"
"EMERGENCY PLUMBER NEWCASTLE","info@plumbingimmediately.co","0191-721-0869","northeast.plumbingimmediately.co.uk","Newcastle"
"Plumbers Cardiff","office@rmplumbingandelectrical.co.uk","02921 690044","rmplumbingandelectrical.co.uk","company"
"Cheap Plumber : Plumbing : Emergency Plumber in Cardiff","enquiries@gassaferegister.co.uk","0800 408 5500","cheapplumbingcompan.co.uk","company"
"SMC Plumbing & Heating","scott@smcplumbingandheating.uk","07377 500 077","smcplumbingandheating.uk","company"
"Plumber & Heating Engineer Cardiff","","","dmpplumbingandheating.co.uk","company"
"MPH Trades: Plumbers in Cardiff","admin@mphplumbers.co.uk","","mphtrades.com","company"
"Plumbers in Southampton, Heating, Electricians and Drainage","sales@aceplumb.co.uk","023 8077 7010","aceplumb.co.uk","Southampton"
"Emergency Plumber Hampshire","","07852 583351","emergencyplumberhampshire.co.uk","Southampton"
"Contact Us","info@smsystemsplumbing.co.uk","07850 127689","smsystemsplumbing.co.uk","Southampton"
"Local Plumber In Southampton & Emergency Plumbing Services","user@domain.com","","kjp-plumbing-southampton.co.uk","Southampton"
"Reliable and Efficient Plumbing Services in Southampton","admin@jpsplumbing-winchester.co.uk","01962 448013","jpsplumbingandelectrical.co.uk","Southampton"
"SMH Plumbing & Heating","info@smhltd.net","02380 179486","smhplumbingandheating.co.uk","Southampton"
"Leicester Plumbing & Heating","info@rudkinandherbert.co.uk","","rudkinandherbert.co.uk","services"
"Home","elliot@plumbers-leicester.net","0116 255 1804","plumbers-leicester.net","services"
"Chris Collett Plumbing & Heating","","","chriscollett.co.uk","services"
"Emergency Plumbers in Leicester","admin@egpltd.co.uk","","egpplumbers.co.uk","services"
"Taylor Plumbing: Plumber In Leicester","info@taylor-plumbing.co.uk","","taylor-plumbing.co.uk","services"
"ABC Heating Services: Leicester Plumbers","info@abcplumbingltd.co.uk","","abcplumbingltd.co.uk","services"
"Leicester Plumbers","info@leicesterplumb.co.uk","07878 994 804","leicesterplumb.co.uk","services"
"Expert Plumbers in Coventry","admin@threespiresheatingandplumbing.co.uk","","threespiresheatingandplumbing.co.uk","Coventry"
"JLN Plumbing & Heating","info@jlnplumbing.co.uk","024 7667 7667","jlnplumbing.co.uk","Coventry"
"Contact PlumbSharp","hello@plumbsharp.com","024 7601 5003","plumbsharp.co.uk","Coventry"
"Contact Us","hello@coventryplumber247.co.uk","02475 420644","coventryplumber247.co.uk","Coventry"
"Warmington Plumbing & Heating","enquiries@warmingtonplumbing.co.uk","024 7667 7225","warmingtonplumbingandheating.co.uk","Coventry"
"Heating & Plumbing Doctors","info@www.plumbingdoctors.co.uk","02477 360 101","plumbingdoctors.co.uk","Coventry"
"24","info@centralplumbingandheating.co.uk","07921 510 187","centralplumbingandheating.co.uk","company"
"Plumbing & heating services","pcurranplumbheat@btconnect.com","028 9060 3130","paulcurranplumbheatbelfast.co.uk","company"
"BSS Belfast","","028 9078 4000","bssindustrial.co.uk","company"
"Belmont Plumbing Services","support@webador.com","","belmontplumbingservices.co.uk","company"
"Contact us","24@belfastplumbingservices.com","028 9028 7619","belfastplumbingservices.com","company"
"Belfast Plumbing Services","","028 9028 7619","construction.co.uk","company"
"Combined Services","paul@cspah.co.uk","07702 408964","cspah.co.uk","company"
"Willis Plumbing and Heating Services","","","willis-heating.com","company"
"Emergency Plumber In Derby","info@ads-heating.co.uk","01332 987078","ads-heating.co.uk","Derby"
"Derby Boiler, Heating & Plumbing","support@homeheatingexperts.co.uk","07990 755180","homeheatingexperts.co.uk","Derby"
"Contact","info@prideplumbingservices.co.uk","","prideplumbingservices.co.uk","Derby"
"Gas Professional & Plumber in Derby","info@gasrenewable.co.uk","","dk-gasprofessional.co.uk","Derby"
"Plumbing company","info@clarkesplumbingandheatingltd.co.uk","07980 889","clarkesplumbingandheatingltd.co.uk","Derby"
"R & R Plumbing and Heating Derby","contact.centre@derbyshire.gov.uk","","apps.derbyshire.gov.uk","Derby"
"Local Plumber In Derby","hello@derbyplumber247.co.uk","01332 327294","derbyplumber247.co.uk","Derby"
"Reading Heating Solutions: Plumbers Reading","","0118 228 0558","readingheatingsolutionsltd.co.uk","services"
"Contacting Your Local Plumber","wscplumber@gmail.com","01183 753 412","wscplumbing.co.uk","services"
"Plumbers Reading","","07850 531555","gnplumbingreading.co.uk","services"
"Emergency Plumber Reading","contact@alliancecfm.co.uk","01182301268","alliancecfm.co.uk","services"
"Contact","sales@plumberinreading.com","0118 321 7172","plumberinreading.com","services"
"Plumbing & Heating Reading","info@berkshire-heating.co.uk","01184 693003","berkshire-heating.co.uk","services"